a luoi|huyen a luoi|a lưới|huyện a lưới
an bien|huyen an bien|an biên|huyện an biên
an duong|huyen an duong|an dương|huyện an dương
an khe|thi xa an khe|an khê|thị xã an khê
an lao|huyen an lao|an lão|huyện an lão
an minh|huyen an minh|huyện an minh
an nhon|thi xa an nhon|an nhơn|thị xã an nhơn
an phu|huyen an phu|an phú|huyện an phú
an thi|huyen an thi|ân thi|huyện ân thi
anh son|huyen anh son|anh sơn|huyện anh sơn
ayun pa|thi xa ayun pa|thị xã ayun pa
ba be|huyen ba be|ba bể|huyện ba bể
ba che|huyen ba che|ba chẽ|huyện ba chẽ
ba dinh|quan ba dinh|ba đình|quận ba đình
ba don|thi xa ba don|ba đồn|thị xã ba đồn
ba ria|thanh pho ba ria|tp ba ria|tp. ba ria|bà rịa|thành phố bà rịa|tp bà rịa|tp. bà rịa
ba thuoc|huyen ba thuoc|bá thước|huyện bá thước
ba to|huyen ba to|ba tơ|huyện ba tơ
ba tri|huyen ba tri|huyện ba tri
ba vi|huyen ba vi|ba vì|huyện ba vì
bac ai|huyen bac ai|bác ái|huyện bác ái
bac binh|huyen bac binh|bắc bình|huyện bắc bình
bac giang|thanh pho bac giang|tp bac giang|tp. bac giang|bắc giang|thành phố bắc giang|tp bắc giang|tp. bắc giang
bac ha|huyen bac ha|bắc hà|huyện bắc hà
bac kan|thanh pho bac kan|tp bac kan|tp. bac kan|bắc kạn|thành phố bắc kạn|tp bắc kạn|tp. bắc kạn
bac lieu|thanh pho bac lieu|tp bac lieu|tp. bac lieu|bạc liêu|thành phố bạc liêu|tp bạc liêu|tp. bạc liêu
bac me|huyen bac me|bắc mê|huyện bắc mê
bac ninh|thanh pho bac ninh|tp bac ninh|tp. bac ninh|bắc ninh|thành phố bắc ninh|tp bắc ninh|tp. bắc ninh
bac quang|huyen bac quang|bắc quang|huyện bắc quang
bac son|huyen bac son|bắc sơn|huyện bắc sơn
bac tan uyen|huyen bac tan uyen|bắc tân uyên|huyện bắc tân uyên
bac tra my|huyen bac tra my|bắc trà my|huyện bắc trà my
bac tu liem|quan bac tu liem|bắc từ liêm|quận bắc từ liêm
bac yen|huyen bac yen|bắc yên|huyện bắc yên
bach long vi|huyen bach long vi|bạch long vĩ|huyện bạch long vĩ
bach thong|huyen bach thong|bạch thông|huyện bạch thông
bao lac|huyen bao lac|bảo lạc|huyện bảo lạc
bao lam|huyen bao lam|bảo lâm|huyện bảo lâm
bao loc|thanh pho bao loc|tp bao loc|tp. bao loc|bảo lộc|thành phố bảo lộc|tp bảo lộc|tp. bảo lộc
bao thang|huyen bao thang|bảo thắng|huyện bảo thắng
bao yen|huyen bao yen|bảo yên|huyện bảo yên
bat xat|huyen bat xat|bát xát|huyện bát xát
bau bang|huyen bau bang|bàu bàng|huyện bàu bàng
ben cat|thi xa ben cat|bến cát|thị xã bến cát
ben cau|huyen ben cau|bến cầu|huyện bến cầu
ben luc|huyen ben luc|bến lức|huyện bến lức
ben tre|thanh pho ben tre|tp ben tre|tp. ben tre|bến tre|thành phố bến tre|tp bến tre|tp. bến tre
bien hoa|thanh pho bien hoa|tp bien hoa|tp. bien hoa|biên hòa|thành phố biên hòa|tp biên hòa|tp. biên hòa
bim son|thi xa bim son|bỉm sơn|thị xã bỉm sơn
binh chanh|huyen binh chanh|bình chánh|huyện bình chánh
binh dai|huyen binh dai|bình đại|huyện bình đại
binh giang|huyen binh giang|bình giang|huyện bình giang
binh gia|huyen binh gia|bình gia|huyện bình gia
binh lieu|huyen binh lieu|bình liêu|huyện bình liêu
binh long|thi xa binh long|bình long|thị xã bình long
binh luc|huyen binh luc|bình lục|huyện bình lục
binh minh|thi xa binh minh|bình minh|thị xã bình minh
binh son|huyen binh son|bình sơn|huyện bình sơn
binh tan|huyen binh tan|bình tân|huyện bình tân
binh tan|quan binh tan|bình tân|quận bình tân
binh thanh|quan binh thanh|bình thạnh|quận bình thạnh
binh thuy|quan binh thuy|bình thuỷ|quận bình thuỷ
binh xuyen|huyen binh xuyen|bình xuyên|huyện bình xuyên
bo trach|huyen bo trach|bố trạch|huyện bố trạch
bu dang|huyen bu dang|bù đăng|huyện bù đăng
bu dop|huyen bu dop|bù đốp|huyện bù đốp
bu gia map|huyen bu gia map|bù gia mập|huyện bù gia mập
buon don|huyen buon don|buôn đôn|huyện buôn đôn
buon ho|thi xa buon ho|buôn hồ|thị xã buôn hồ
buon ma thuot|thanh pho buon ma thuot|tp buon ma thuot|tp. buon ma thuot|buôn ma thuột|thành phố buôn ma thuột|tp buôn ma thuột|tp. buôn ma thuột
ca mau|thanh pho ca mau|tp ca mau|tp. ca mau|cà mau|thành phố cà mau|tp cà mau|tp. cà mau
cai be|huyen cai be|cái bè|huyện cái bè
cai lay|huyen cai lay|cai lậy|huyện cai lậy
cai lay|thi xa cai lay|cai lậy|thị xã cai lậy
cai nuoc|huyen cai nuoc|cái nước|huyện cái nước
cai rang|quan cai rang|cái răng|quận cái răng
cam giang|huyen cam giang|cẩm giàng|huyện cẩm giàng
cam khe|huyen cam khe|cẩm khê|huyện cẩm khê
cam lam|huyen cam lam|cam lâm|huyện cam lâm
cam le|quan cam le|cẩm lệ|quận cẩm lệ
cam lo|huyen cam lo|cam lộ|huyện cam lộ
cam my|huyen cam my|cẩm mỹ|huyện cẩm mỹ
cam pha|thanh pho cam pha|tp cam pha|tp. cam pha|cẩm phả|thành phố cẩm phả|tp cẩm phả|tp. cẩm phả
cam ranh|thanh pho cam ranh|tp cam ranh|tp. cam ranh|thành phố cam ranh
cam thuy|huyen cam thuy|cẩm thủy|huyện cẩm thủy
cam xuyen|huyen cam xuyen|cẩm xuyên|huyện cẩm xuyên
can duoc|huyen can duoc|cần đước|huyện cần đước
can gio|huyen can gio|cần giờ|huyện cần giờ
can giuoc|huyen can giuoc|cần giuộc|huyện cần giuộc
can loc|huyen can loc|can lộc|huyện can lộc
cang long|huyen cang long|càng long|huyện càng long
cao bang|thanh pho cao bang|tp cao bang|tp. cao bang|cao bằng|thành phố cao bằng|tp cao bằng|tp. cao bằng
cao lanh|huyen cao lanh|cao lãnh|huyện cao lãnh
cao lanh|thanh pho cao lanh|tp cao lanh|tp. cao lanh|cao lãnh|thành phố cao lãnh|tp cao lãnh|tp. cao lãnh
cao loc|huyen cao loc|cao lộc|huyện cao lộc
cao phong|huyen cao phong|huyện cao phong
cat hai|huyen cat hai|cát hải|huyện cát hải
cat tien|huyen cat tien|cát tiên|huyện cát tiên
cau giay|quan cau giay|cầu giấy|quận cầu giấy
cau ke|huyen cau ke|cầu kè|huyện cầu kè
cau ngang|huyen cau ngang|cầu ngang|huyện cầu ngang
chau doc|thanh pho chau doc|tp chau doc|tp. chau doc|châu đốc|thành phố châu đốc|tp châu đốc|tp. châu đốc
chau duc|huyen chau duc|châu đức|huyện châu đức
chau phu|huyen chau phu|châu phú|huyện châu phú
chau thanh a|huyen chau thanh a|châu thành a|huyện châu thành a
chau thanh|huyen chau thanh|châu thành|huyện châu thành
chi lang|huyen chi lang|chi lăng|huyện chi lăng
chi linh|thanh pho chi linh|tp chi linh|tp. chi linh|chí linh|thành phố chí linh|tp chí linh|tp. chí linh
chiem hoa|huyen chiem hoa|chiêm hóa|huyện chiêm hóa
cho don|huyen cho don|chợ đồn|huyện chợ đồn
cho gao|huyen cho gao|chợ gạo|huyện chợ gạo
cho lach|huyen cho lach|chợ lách|huyện chợ lách
cho moi|huyen cho moi|chợ mới|huyện chợ mới
chon thanh|huyen chon thanh|chơn thành|huyện chơn thành
chu pah|huyen chu pah|chư păh|huyện chư păh
chu prong|huyen chu prong|chư prông|huyện chư prông
chu puh|huyen chu puh|chư pưh|huyện chư pưh
chu se|huyen chu se|chư sê|huyện chư sê
chuong my|huyen chuong my|chương mỹ|huyện chương mỹ
co do|huyen co do|cờ đỏ|huyện cờ đỏ
co to|huyen co to|cô tô|huyện cô tô
con co|huyen con co|cồn cỏ|huyện cồn cỏ
con cuong|huyen con cuong|con cuông|huyện con cuông
con dao|huyen con dao|côn đảo|huyện côn đảo
cu chi|huyen cu chi|củ chi|huyện củ chi
cu jut|huyen cu jut|cư jút|huyện cư jút
cu kuin|huyen cu kuin|cư kuin|huyện cư kuin
cu lao dung|huyen cu lao dung|cù lao dung|huyện cù lao dung
cu m'gar|cu mgar|huyen cu m'gar|cu mgar|cư m'gar|huyện cư m'gar
cua lo|thi xa cua lo|cửa lò|thị xã cửa lò
da bac|huyen da bac|đà bắc|huyện đà bắc
da huoai|huyen da huoai|đạ huoai|huyện đạ huoai
da krong|huyen da krong|đa krông|huyện đa krông
da lat|thanh pho da lat|tp da lat|tp. da lat|đà lạt|thành phố đà lạt|tp đà lạt|tp. đà lạt
da teh|huyen da teh|đạ tẻh|huyện đạ tẻh
dai loc|huyen dai loc|đại lộc|huyện đại lộc
dai tu|huyen dai tu|đại từ|huyện đại từ
dak doa|huyen dak doa|đăk đoa|huyện đăk đoa
dak glei|huyen dak glei|đắk glei|huyện đắk glei
dak glong|huyen dak glong|đăk glong|huyện đăk glong
dak ha|huyen dak ha|đắk hà|huyện đắk hà
dak mil|huyen dak mil|đắk mil|huyện đắk mil
dak po|huyen dak po|đăk pơ|huyện đăk pơ
dak r'lap|dak rlap|huyen dak r'lap|dak rlap|đắk r'lấp|huyện đắk r'lấp
dak song|huyen dak song|đắk song|huyện đắk song
dak to|huyen dak to|đắk tô|huyện đắk tô
dam doi|huyen dam doi|đầm dơi|huyện đầm dơi
dam ha|huyen dam ha|đầm hà|huyện đầm hà
dam rong|huyen dam rong|đam rông|huyện đam rông
dan phuong|huyen dan phuong|đan phượng|huyện đan phượng
dat do|huyen dat do|đất đỏ|huyện đất đỏ
dau tieng|huyen dau tieng|dầu tiếng|huyện dầu tiếng
di an|thanh pho di an|tp di an|tp. di an|dĩ an|thành phố dĩ an|tp dĩ an|tp. dĩ an
di linh|huyen di linh|huyện di linh
dien ban|thi xa dien ban|điện bàn|thị xã điện bàn
dien bien dong|huyen dien bien dong|điện biên đông|huyện điện biên đông
dien bien phu|thanh pho dien bien phu|tp dien bien phu|tp. dien bien phu|điện biên phủ|thành phố điện biên phủ|tp điện biên phủ|tp. điện biên phủ
dien bien|huyen dien bien|điện biên|huyện điện biên
dien chau|huyen dien chau|diễn châu|huyện diễn châu
dien khanh|huyen dien khanh|diên khánh|huyện diên khánh
dinh hoa|huyen dinh hoa|định hóa|huyện định hóa
dinh lap|huyen dinh lap|đình lập|huyện đình lập
dinh quan|huyen dinh quan|định quán|huyện định quán
do luong|huyen do luong|đô lương|huyện đô lương
do son|quan do son|đồ sơn|quận đồ sơn
doan hung|huyen doan hung|đoan hùng|huyện đoan hùng
don duong|huyen don duong|đơn dương|huyện đơn dương
dong anh|huyen dong anh|đông anh|huyện đông anh
dong da|quan dong da|đống đa|quận đống đa
dong giang|huyen dong giang|đông giang|huyện đông giang
dong hai|huyen dong hai|đông hải|huyện đông hải
dong ha|thanh pho dong ha|tp dong ha|tp. dong ha|đông hà|thành phố đông hà|tp đông hà|tp. đông hà
dong hoa|thi xa dong hoa|đông hòa|thị xã đông hòa
dong hoi|thanh pho dong hoi|tp dong hoi|tp. dong hoi|đồng hới|thành phố đồng hới|tp đồng hới|tp. đồng hới
dong hung|huyen dong hung|đông hưng|huyện đông hưng
dong hy|huyen dong hy|đồng hỷ|huyện đồng hỷ
dong phu|huyen dong phu|đồng phú|huyện đồng phú
dong son|huyen dong son|đông sơn|huyện đông sơn
dong trieu|thi xa dong trieu|đông triều|thị xã đông triều
dong van|huyen dong van|đồng văn|huyện đồng văn
dong xoai|thanh pho dong xoai|tp dong xoai|tp. dong xoai|đồng xoài|thành phố đồng xoài|tp đồng xoài|tp. đồng xoài
dong xuan|huyen dong xuan|đồng xuân|huyện đồng xuân
duc co|huyen duc co|đức cơ|huyện đức cơ
duc hoa|huyen duc hoa|đức hòa|huyện đức hòa
duc hue|huyen duc hue|đức huệ|huyện đức huệ
duc linh|huyen duc linh|đức linh|huyện đức linh
duc pho|thi xa duc pho|đức phổ|thị xã đức phổ
duc tho|huyen duc tho|đức thọ|huyện đức thọ
duc trong|huyen duc trong|đức trọng|huyện đức trọng
duong kinh|quan duong kinh|dương kinh|quận dương kinh
duong minh chau|huyen duong minh chau|dương minh châu|huyện dương minh châu
duy tien|thi xa duy tien|duy tiên|thị xã duy tiên
duy xuyen|huyen duy xuyen|duy xuyên|huyện duy xuyên
duyen hai|huyen duyen hai|duyên hải|huyện duyên hải
duyen hai|thi xa duyen hai|duyên hải|thị xã duyên hải
ea h'leo|ea hleo|huyen ea h'leo|ea hleo|ea h'leo|huyện ea h'leo
ea kar|huyen ea kar|huyện ea kar
ea sup|huyen ea sup|ea súp|huyện ea súp
gia binh|huyen gia binh|gia bình|huyện gia bình
gia lam|huyen gia lam|gia lâm|huyện gia lâm
gia loc|huyen gia loc|gia lộc|huyện gia lộc
gia nghia|thanh pho gia nghia|tp gia nghia|tp. gia nghia|gia nghĩa|thành phố gia nghĩa|tp gia nghĩa|tp. gia nghĩa
gia rai|thi xa gia rai|giá rai|thị xã giá rai
gia vien|huyen gia vien|gia viễn|huyện gia viễn
giang thanh|huyen giang thanh|giang thành|huyện giang thành
giao thuy|huyen giao thuy|giao thủy|huyện giao thủy
gio linh|huyen gio linh|huyện gio linh
giong rieng|huyen giong rieng|giồng riềng|huyện giồng riềng
giong trom|huyen giong trom|giồng trôm|huyện giồng trôm
go cong dong|huyen go cong dong|gò công đông|huyện gò công đông
go cong tay|huyen go cong tay|gò công tây|huyện gò công tây
go cong|thi xa go cong|gò công|thị xã gò công
go dau|huyen go dau|gò dầu|huyện gò dầu
go quao|huyen go quao|gò quao|huyện gò quao
go vap|quan go vap|gò vấp|quận gò vấp
ha dong|quan ha dong|hà đông|quận hà đông
ha giang|thanh pho ha giang|tp ha giang|tp. ha giang|hà giang|thành phố hà giang|tp hà giang|tp. hà giang
ha hoa|huyen ha hoa|hạ hoà|huyện hạ hoà
ha lang|huyen ha lang|hạ lang|huyện hạ lang
ha long|thanh pho ha long|tp ha long|tp. ha long|hạ long|thành phố hạ long|tp hạ long|tp. hạ long
ha quang|huyen ha quang|hà quảng|huyện hà quảng
ha tien|thanh pho ha tien|tp ha tien|tp. ha tien|hà tiên|thành phố hà tiên|tp hà tiên|tp. hà tiên
ha tinh|thanh pho ha tinh|tp ha tinh|tp. ha tinh|hà tĩnh|thành phố hà tĩnh|tp hà tĩnh|tp. hà tĩnh
ha trung|huyen ha trung|hà trung|huyện hà trung
hai an|quan hai an|hải an|quận hải an
hai ba trung|quan hai ba trung|hai bà trưng|quận hai bà trưng
hai chau|quan hai chau|hải châu|quận hải châu
hai duong|thanh pho hai duong|tp hai duong|tp. hai duong|hải dương|thành phố hải dương|tp hải dương|tp. hải dương
hai hau|huyen hai hau|hải hậu|huyện hải hậu
hai ha|huyen hai ha|hải hà|huyện hải hà
hai lang|huyen hai lang|hải lăng|huyện hải lăng
ham tan|huyen ham tan|hàm tân|huyện hàm tân
ham thuan bac|huyen ham thuan bac|hàm thuận bắc|huyện hàm thuận bắc
ham thuan nam|huyen ham thuan nam|hàm thuận nam|huyện hàm thuận nam
ham yen|huyen ham yen|hàm yên|huyện hàm yên
hau loc|huyen hau loc|hậu lộc|huyện hậu lộc
hiep duc|huyen hiep duc|hiệp đức|huyện hiệp đức
hiep hoa|huyen hiep hoa|hiệp hòa|huyện hiệp hòa
hoa an|huyen hoa an|hoà an|huyện hoà an
hoa binh|huyen hoa binh|hoà bình|huyện hoà bình
hoa binh|thanh pho hoa binh|tp hoa binh|tp. hoa binh|hòa bình|thành phố hòa bình|tp hòa bình|tp. hòa bình
hoa lu|huyen hoa lu|hoa lư|huyện hoa lư
hoa thanh|thi xa hoa thanh|hòa thành|thị xã hòa thành
hoa vang|huyen hoa vang|hòa vang|huyện hòa vang
hoai an|huyen hoai an|hoài ân|huyện hoài ân
hoai duc|huyen hoai duc|hoài đức|huyện hoài đức
hoai nhon|thi xa hoai nhon|hoài nhơn|thị xã hoài nhơn
hoan kiem|quan hoan kiem|hoàn kiếm|quận hoàn kiếm
hoang hoa|huyen hoang hoa|hoằng hóa|huyện hoằng hóa
hoang mai|quan hoang mai|hoàng mai|quận hoàng mai
hoang mai|thi xa hoang mai|hoàng mai|thị xã hoàng mai
hoang sa|huyen hoang sa|hoàng sa|huyện hoàng sa
hoang su phi|huyen hoang su phi|hoàng su phì|huyện hoàng su phì
hoc mon|huyen hoc mon|hóc môn|huyện hóc môn
hoi an|thanh pho hoi an|tp hoi an|tp. hoi an|hội an|thành phố hội an|tp hội an|tp. hội an
hon dat|huyen hon dat|hòn đất|huyện hòn đất
hon quan|huyen hon quan|hớn quản|huyện hớn quản
hong bang|quan hong bang|hồng bàng|quận hồng bàng
hong dan|huyen hong dan|hồng dân|huyện hồng dân
hong linh|thi xa hong linh|hồng lĩnh|thị xã hồng lĩnh
hong ngu|huyen hong ngu|hồng ngự|huyện hồng ngự
hong ngu|thanh pho hong ngu|tp hong ngu|tp. hong ngu|hồng ngự|thành phố hồng ngự|tp hồng ngự|tp. hồng ngự
hue|thanh pho hue|tp hue|tp. hue|huế|thành phố huế|tp huế|tp. huế
hung ha|huyen hung ha|hưng hà|huyện hưng hà
hung nguyen|huyen hung nguyen|hưng nguyên|huyện hưng nguyên
hung yen|thanh pho hung yen|tp hung yen|tp. hung yen|hưng yên|thành phố hưng yên|tp hưng yên|tp. hưng yên
huong hoa|huyen huong hoa|hướng hóa|huyện hướng hóa
huong khe|huyen huong khe|hương khê|huyện hương khê
huong son|huyen huong son|hương sơn|huyện hương sơn
huong thuy|thi xa huong thuy|hương thủy|thị xã hương thủy
huong tra|thi xa huong tra|hương trà|thị xã hương trà
huu lung|huyen huu lung|hữu lũng|huyện hữu lũng
huyen kbang|huyện kbang
huyen lak|huyện lắk
huyen m'drak|mdrak|huyện m'đrắk
ia grai|huyen ia grai|huyện ia grai
ia h'drai|ia hdrai|huyen ia h'drai|ia hdrai|ia h' drai|huyện ia h' drai
ia pa|huyen ia pa|huyện ia pa
ke sach|huyen ke sach|kế sách|huyện kế sách
khanh son|huyen khanh son|khánh sơn|huyện khánh sơn
khanh vinh|huyen khanh vinh|khánh vĩnh|huyện khánh vĩnh
khoai chau|huyen khoai chau|khoái châu|huyện khoái châu
kien an|quan kien an|kiến an|quận kiến an
kien hai|huyen kien hai|kiên hải|huyện kiên hải
kien luong|huyen kien luong|kiên lương|huyện kiên lương
kien thuy|huyen kien thuy|kiến thuỵ|huyện kiến thuỵ
kien tuong|thi xa kien tuong|kiến tường|thị xã kiến tường
kien xuong|huyen kien xuong|kiến xương|huyện kiến xương
kim bang|huyen kim bang|kim bảng|huyện kim bảng
kim boi|huyen kim boi|kim bôi|huyện kim bôi
kim dong|huyen kim dong|kim động|huyện kim động
kim son|huyen kim son|kim sơn|huyện kim sơn
kim thanh|huyen kim thanh|kim thành|huyện kim thành
kinh mon|thi xa kinh mon|kinh môn|thị xã kinh môn
kon plong|huyen kon plong|kon plông|huyện kon plông
kon ray|huyen kon ray|kon rẫy|huyện kon rẫy
kon tum|thanh pho kon tum|tp kon tum|tp. kon tum|thành phố kon tum
kong chro|huyen kong chro|kông chro|huyện kông chro
krong a na|huyen krong a na|krông a na|huyện krông a na
krong bong|huyen krong bong|krông bông|huyện krông bông
krong buk|huyen krong buk|krông búk|huyện krông búk
krong nang|huyen krong nang|krông năng|huyện krông năng
krong no|huyen krong no|krông nô|huyện krông nô
krong pac|huyen krong pac|krông pắc|huyện krông pắc
krong pa|huyen krong pa|krông pa|huyện krông pa
ky anh|huyen ky anh|kỳ anh|huyện kỳ anh
ky anh|thi xa ky anh|kỳ anh|thị xã kỳ anh
ky son|huyen ky son|kỳ sơn|huyện kỳ sơn
la gi|thi xa la gi|thị xã la gi
lac duong|huyen lac duong|lạc dương|huyện lạc dương
lac son|huyen lac son|lạc sơn|huyện lạc sơn
lac thuy|huyen lac thuy|lạc thủy|huyện lạc thủy
lai chau|thanh pho lai chau|tp lai chau|tp. lai chau|lai châu|thành phố lai châu|tp lai châu|tp. lai châu
lai vung|huyen lai vung|huyện lai vung
lam binh|huyen lam binh|lâm bình|huyện lâm bình
lam ha|huyen lam ha|lâm hà|huyện lâm hà
lam thao|huyen lam thao|lâm thao|huyện lâm thao
lang chanh|huyen lang chanh|lang chánh|huyện lang chánh
lang giang|huyen lang giang|lạng giang|huyện lạng giang
lang son|thanh pho lang son|tp lang son|tp. lang son|lạng sơn|thành phố lạng sơn|tp lạng sơn|tp. lạng sơn
lao cai|thanh pho lao cai|tp lao cai|tp. lao cai|lào cai|thành phố lào cai|tp lào cai|tp. lào cai
lap thach|huyen lap thach|lập thạch|huyện lập thạch
lap vo|huyen lap vo|lấp vò|huyện lấp vò
le chan|quan le chan|lê chân|quận lê chân
le thuy|huyen le thuy|lệ thủy|huyện lệ thủy
lien chieu|quan lien chieu|liên chiểu|quận liên chiểu
loc binh|huyen loc binh|lộc bình|huyện lộc bình
loc ha|huyen loc ha|lộc hà|huyện lộc hà
loc ninh|huyen loc ninh|lộc ninh|huyện lộc ninh
long bien|quan long bien|long biên|quận long biên
long dien|huyen long dien|long điền|huyện long điền
long ho|huyen long ho|long hồ|huyện long hồ
long khanh|thanh pho long khanh|tp long khanh|tp. long khanh|long khánh|thành phố long khánh|tp long khánh|tp. long khánh
long my|huyen long my|long mỹ|huyện long mỹ
long my|thi xa long my|long mỹ|thị xã long mỹ
long phu|huyen long phu|long phú|huyện long phú
long thanh|huyen long thanh|long thành|huyện long thành
long xuyen|thanh pho long xuyen|tp long xuyen|tp. long xuyen|long xuyên|thành phố long xuyên|tp long xuyên|tp. long xuyên
luc nam|huyen luc nam|lục nam|huyện lục nam
luc ngan|huyen luc ngan|lục ngạn|huyện lục ngạn
luc yen|huyen luc yen|lục yên|huyện lục yên
luong son|huyen luong son|lương sơn|huyện lương sơn
luong tai|huyen luong tai|lương tài|huyện lương tài
ly nhan|huyen ly nhan|lý nhân|huyện lý nhân
ly son|huyen ly son|lý sơn|huyện lý sơn
mai chau|huyen mai chau|mai châu|huyện mai châu
mai son|huyen mai son|mai sơn|huyện mai sơn
mang thit|huyen mang thit|mang thít|huyện mang thít
mang yang|huyen mang yang|huyện mang yang
me linh|huyen me linh|mê linh|huyện mê linh
meo vac|huyen meo vac|mèo vạc|huyện mèo vạc
minh hoa|huyen minh hoa|minh hóa|huyện minh hóa
minh long|huyen minh long|huyện minh long
mo cay bac|huyen mo cay bac|mỏ cày bắc|huyện mỏ cày bắc
mo cay nam|huyen mo cay nam|mỏ cày nam|huyện mỏ cày nam
mo duc|huyen mo duc|mộ đức|huyện mộ đức
moc chau|huyen moc chau|mộc châu|huyện mộc châu
moc hoa|huyen moc hoa|mộc hóa|huyện mộc hóa
mong cai|thanh pho mong cai|tp mong cai|tp. mong cai|móng cái|thành phố móng cái|tp móng cái|tp. móng cái
mu cang chai|huyen mu cang chai|mù căng chải|huyện mù căng chải
muong ang|huyen muong ang|mường ảng|huyện mường ảng
muong cha|huyen muong cha|mường chà|huyện mường chà
muong khuong|huyen muong khuong|mường khương|huyện mường khương
muong lat|huyen muong lat|mường lát|huyện mường lát
muong lay|thi xa muong lay|mường lay|thị xã mường lay
muong la|huyen muong la|mường la|huyện mường la
muong nhe|huyen muong nhe|mường nhé|huyện mường nhé
muong te|huyen muong te|mường tè|huyện mường tè
my duc|huyen my duc|mỹ đức|huyện mỹ đức
my hao|thi xa my hao|mỹ hào|thị xã mỹ hào
my loc|huyen my loc|mỹ lộc|huyện mỹ lộc
my tho|thanh pho my tho|tp my tho|tp. my tho|mỹ tho|thành phố mỹ tho|tp mỹ tho|tp. mỹ tho
my tu|huyen my tu|mỹ tú|huyện mỹ tú
my xuyen|huyen my xuyen|mỹ xuyên|huyện mỹ xuyên
na hang|huyen na hang|huyện na hang
na ri|huyen na ri|na rì|huyện na rì
nam can|huyen nam can|năm căn|huyện năm căn
nam dan|huyen nam dan|nam đàn|huyện nam đàn
nam dinh|thanh pho nam dinh|tp nam dinh|tp. nam dinh|nam định|thành phố nam định|tp nam định|tp. nam định
nam dong|huyen nam dong|nam đông|huyện nam đông
nam giang|huyen nam giang|huyện nam giang
nam nhun|huyen nam nhun|nậm nhùn|huyện nậm nhùn
nam po|huyen nam po|nậm pồ|huyện nậm pồ
nam sach|huyen nam sach|nam sách|huyện nam sách
nam tra my|huyen nam tra my|nam trà my|huyện nam trà my
nam truc|huyen nam truc|nam trực|huyện nam trực
nam tu liem|quan nam tu liem|nam từ liêm|quận nam từ liêm
nga bay|thanh pho nga bay|tp nga bay|tp. nga bay|ngã bảy|thành phố ngã bảy|tp ngã bảy|tp. ngã bảy
nga nam|thi xa nga nam|ngã năm|thị xã ngã năm
nga son|huyen nga son|nga sơn|huyện nga sơn
ngan son|huyen ngan son|ngân sơn|huyện ngân sơn
nghi loc|huyen nghi loc|nghi lộc|huyện nghi lộc
nghi son|thi xa nghi son|nghi sơn|thị xã nghi sơn
nghi xuan|huyen nghi xuan|nghi xuân|huyện nghi xuân
nghia dan|huyen nghia dan|nghĩa đàn|huyện nghĩa đàn
nghia hanh|huyen nghia hanh|nghĩa hành|huyện nghĩa hành
nghia hung|huyen nghia hung|nghĩa hưng|huyện nghĩa hưng
nghia lo|thi xa nghia lo|nghĩa lộ|thị xã nghĩa lộ
ngo quyen|quan ngo quyen|ngô quyền|quận ngô quyền
ngoc hien|huyen ngoc hien|ngọc hiển|huyện ngọc hiển
ngoc hoi|huyen ngoc hoi|ngọc hồi|huyện ngọc hồi
ngoc lac|huyen ngoc lac|ngọc lặc|huyện ngọc lặc
ngu hanh son|quan ngu hanh son|ngũ hành sơn|quận ngũ hành sơn
nguyen binh|huyen nguyen binh|nguyên bình|huyện nguyên bình
nha be|huyen nha be|nhà bè|huyện nhà bè
nha trang|thanh pho nha trang|tp nha trang|tp. nha trang|thành phố nha trang
nho quan|huyen nho quan|huyện nho quan
nhon trach|huyen nhon trach|nhơn trạch|huyện nhơn trạch
nhu thanh|huyen nhu thanh|như thanh|huyện như thanh
nhu xuan|huyen nhu xuan|như xuân|huyện như xuân
ninh binh|thanh pho ninh binh|tp ninh binh|tp. ninh binh|ninh bình|thành phố ninh bình|tp ninh bình|tp. ninh bình
ninh giang|huyen ninh giang|huyện ninh giang
ninh hai|huyen ninh hai|ninh hải|huyện ninh hải
ninh hoa|thi xa ninh hoa|ninh hòa|thị xã ninh hòa
ninh kieu|quan ninh kieu|ninh kiều|quận ninh kiều
ninh phuoc|huyen ninh phuoc|ninh phước|huyện ninh phước
ninh son|huyen ninh son|ninh sơn|huyện ninh sơn
nong cong|huyen nong cong|nông cống|huyện nông cống
nong son|huyen nong son|nông sơn|huyện nông sơn
nui thanh|huyen nui thanh|núi thành|huyện núi thành
o mon|quan o mon|ô môn|quận ô môn
pac nam|huyen pac nam|pác nặm|huyện pác nặm
phan rang thap cham|thanh pho phan rang thap cham|tp phan rang thap cham|tp. phan rang thap cham|phan rang|thanh pho phan rang|tp phan rang|tp.phan rang
phan thiet|thanh pho phan thiet|tp phan thiet|tp. phan thiet|phan thiết|thành phố phan thiết|tp phan thiết|tp. phan thiết
pho yen|thi xa pho yen|phổ yên|thị xã phổ yên
phong dien|huyen phong dien|phong điền|huyện phong điền
phong tho|huyen phong tho|phong thổ|huyện phong thổ
phu binh|huyen phu binh|phú bình|huyện phú bình
phu cat|huyen phu cat|phù cát|huyện phù cát
phu cu|huyen phu cu|phù cừ|huyện phù cừ
phu giao|huyen phu giao|phú giáo|huyện phú giáo
phu hoa|huyen phu hoa|phú hoà|huyện phú hoà
phu loc|huyen phu loc|phú lộc|huyện phú lộc
phu luong|huyen phu luong|phú lương|huyện phú lương
phu ly|thanh pho phu ly|tp phu ly|tp. phu ly|phủ lý|thành phố phủ lý|tp phủ lý|tp. phủ lý
phu my|huyen phu my|phù mỹ|huyện phù mỹ
phu my|thi xa phu my|phú mỹ|thị xã phú mỹ
phu nhuan|quan phu nhuan|phú nhuận|quận phú nhuận
phu ninh|huyen phu ninh|phù ninh|huyện phù ninh
phu ninh|huyen phu ninh|phú ninh|huyện phú ninh
phu qui|huyen phu qui|phú quí|huyện phú quí
phu quoc|huyen phu quoc|phú quốc|huyện phú quốc
phu rieng|huyen phu rieng|phú riềng|huyện phú riềng
phu tan|huyen phu tan|phú tân|huyện phú tân
phu thien|huyen phu thien|phú thiện|huyện phú thiện
phu tho|thi xa phu tho|phú thọ|thị xã phú thọ
phu vang|huyen phu vang|phú vang|huyện phú vang
phu xuyen|huyen phu xuyen|phú xuyên|huyện phú xuyên
phu yen|huyen phu yen|phù yên|huyện phù yên
phuc tho|huyen phuc tho|phúc thọ|huyện phúc thọ
phuc yen|thanh pho phuc yen|tp phuc yen|tp. phuc yen|phúc yên|thành phố phúc yên|tp phúc yên|tp. phúc yên
phung hiep|huyen phung hiep|phụng hiệp|huyện phụng hiệp
phuoc long|huyen phuoc long|phước long|huyện phước long
phuoc long|thi xa phuoc long|phước long|thị xã phước long
phuoc son|huyen phuoc son|phước sơn|huyện phước sơn
pleiku|thanh pho pleiku|tp pleiku|tp. pleiku|thành phố pleiku
quan 10|quận 10
quan 11|quận 11
quan 12|quận 12
quan 1|quận 1
quan 2|quận 2
quan 3|quận 3
quan 4|quận 4
quan 5|quận 5
quan 6|quận 6
quan 7|quận 7
quan 8|quận 8
quan 9|quận 9
quan ba|huyen quan ba|quản bạ|huyện quản bạ
quan hoa|huyen quan hoa|quan hóa|huyện quan hóa
quan son|huyen quan son|quan sơn|huyện quan sơn
quang binh|huyen quang binh|quang bình|huyện quang bình
quang dien|huyen quang dien|quảng điền|huyện quảng điền
quang hoa|huyen quang hoa|quảng hòa|huyện quảng hòa
quang ngai|thanh pho quang ngai|tp quang ngai|tp. quang ngai|quảng ngãi|thành phố quảng ngãi|tp quảng ngãi|tp. quảng ngãi
quang ninh|huyen quang ninh|quảng ninh|huyện quảng ninh
quang trach|huyen quang trach|quảng trạch|huyện quảng trạch
quang tri|thi xa quang tri|quảng trị|thị xã quảng trị
quang xuong|huyen quang xuong|quảng xương|huyện quảng xương
quang yen|thi xa quang yen|quảng yên|thị xã quảng yên
que phong|huyen que phong|quế phong|huyện quế phong
que son|huyen que son|quế sơn|huyện quế sơn
que vo|huyen que vo|quế võ|huyện quế võ
qui nhon|thanh pho qui nhon|tp qui nhon|tp. qui nhon|qui nhơn|thành phố qui nhơn|tp qui nhơn|tp. qui nhơn
quoc oai|huyen quoc oai|quốc oai|huyện quốc oai
quy chau|huyen quy chau|quỳ châu|huyện quỳ châu
quy hop|huyen quy hop|quỳ hợp|huyện quỳ hợp
quynh luu|huyen quynh luu|quỳnh lưu|huyện quỳnh lưu
quynh nhai|huyen quynh nhai|quỳnh nhai|huyện quỳnh nhai
quynh phu|huyen quynh phu|quỳnh phụ|huyện quỳnh phụ
rach gia|thanh pho rach gia|tp rach gia|tp. rach gia|rạch giá|thành phố rạch giá|tp rạch giá|tp. rạch giá
sa dec|thanh pho sa dec|tp sa dec|tp. sa dec|sa đéc|thành phố sa đéc|tp sa đéc|tp. sa đéc
sa pa|thi xa sa pa|thị xã sa pa
sa thay|huyen sa thay|sa thầy|huyện sa thầy
sam son|thanh pho sam son|tp sam son|tp. sam son|sầm sơn|thành phố sầm sơn|tp sầm sơn|tp. sầm sơn
si ma cai|huyen si ma cai|huyện si ma cai
sin ho|huyen sin ho|sìn hồ|huyện sìn hồ
soc son|huyen soc son|sóc sơn|huyện sóc sơn
soc trang|thanh pho soc trang|tp soc trang|tp. soc trang|sóc trăng|thành phố sóc trăng|tp sóc trăng|tp. sóc trăng
son dong|huyen son dong|sơn động|huyện sơn động
son duong|huyen son duong|sơn dương|huyện sơn dương
son ha|huyen son ha|sơn hà|huyện sơn hà
son hoa|huyen son hoa|sơn hòa|huyện sơn hòa
son la|thanh pho son la|tp son la|tp. son la|sơn la|thành phố sơn la|tp sơn la|tp. sơn la
son tay|huyen son tay|sơn tây|huyện sơn tây
son tay|thi xa son tay|sơn tây|thị xã sơn tây
son tinh|huyen son tinh|sơn tịnh|huyện sơn tịnh
son tra|quan son tra|sơn trà|quận sơn trà
song cau|thi xa song cau|sông cầu|thị xã sông cầu
song cong|thanh pho song cong|tp song cong|tp. song cong|sông công|thành phố sông công|tp sông công|tp. sông công
song hinh|huyen song hinh|sông hinh|huyện sông hinh
song lo|huyen song lo|sông lô|huyện sông lô
song ma|huyen song ma|sông mã|huyện sông mã
sop cop|huyen sop cop|sốp cộp|huyện sốp cộp
tam binh|huyen tam binh|tam bình|huyện tam bình
tam dao|huyen tam dao|tam đảo|huyện tam đảo
tam diep|thanh pho tam diep|tp tam diep|tp. tam diep|tam điệp|thành phố tam điệp|tp tam điệp|tp. tam điệp
tam duong|huyen tam duong|tam dương|huyện tam dương
tam duong|huyen tam duong|tam đường|huyện tam đường
tam ky|thanh pho tam ky|tp tam ky|tp. tam ky|tam kỳ|thành phố tam kỳ|tp tam kỳ|tp. tam kỳ
tam nong|huyen tam nong|tam nông|huyện tam nông
tan an|thanh pho tan an|tp tan an|tp. tan an|tân an|thành phố tân an|tp tân an|tp. tân an
tan bien|huyen tan bien|tân biên|huyện tân biên
tan binh|quan tan binh|tân bình|quận tân bình
tan chau|huyen tan chau|tân châu|huyện tân châu
tan chau|thi xa tan chau|tân châu|thị xã tân châu
tan hiep|huyen tan hiep|tân hiệp|huyện tân hiệp
tan hong|huyen tan hong|tân hồng|huyện tân hồng
tan hung|huyen tan hung|tân hưng|huyện tân hưng
tan ky|huyen tan ky|tân kỳ|huyện tân kỳ
tan lac|huyen tan lac|tân lạc|huyện tân lạc
tan phu dong|huyen tan phu dong|tân phú đông|huyện tân phú đông
tan phuoc|huyen tan phuoc|tân phước|huyện tân phước
tan phu|huyen tan phu|tân phú|huyện tân phú
tan phu|quan tan phu|tân phú|quận tân phú
tan son|huyen tan son|tân sơn|huyện tân sơn
tan thanh|huyen tan thanh|tân thạnh|huyện tân thạnh
tan tru|huyen tan tru|tân trụ|huyện tân trụ
tan uyen|huyen tan uyen|tân uyên|huyện tân uyên
tan uyen|thi xa tan uyen|tân uyên|thị xã tân uyên
tan yen|huyen tan yen|tân yên|huyện tân yên
tanh linh|huyen tanh linh|tánh linh|huyện tánh linh
tay giang|huyen tay giang|tây giang|huyện tây giang
tay hoa|huyen tay hoa|tây hoà|huyện tây hoà
tay ho|quan tay ho|tây hồ|quận tây hồ
tay ninh|thanh pho tay ninh|tp tay ninh|tp. tay ninh|tây ninh|thành phố tây ninh|tp tây ninh|tp. tây ninh
tay son|huyen tay son|tây sơn|huyện tây sơn
thach an|huyen thach an|thạch an|huyện thạch an
thach ha|huyen thach ha|thạch hà|huyện thạch hà
thach thanh|huyen thach thanh|thạch thành|huyện thạch thành
thach that|huyen thach that|thạch thất|huyện thạch thất
thai binh|thanh pho thai binh|tp thai binh|tp. thai binh|thái bình|thành phố thái bình|tp thái bình|tp. thái bình
thai hoa|thi xa thai hoa|thái hoà|thị xã thái hoà
thai nguyen|thanh pho thai nguyen|tp thai nguyen|tp. thai nguyen|thái nguyên|thành phố thái nguyên|tp thái nguyên|tp. thái nguyên
thai thuy|huyen thai thuy|thái thụy|huyện thái thụy
than uyen|huyen than uyen|than uyên|huyện than uyên
thang binh|huyen thang binh|thăng bình|huyện thăng bình
thanh ba|huyen thanh ba|huyện thanh ba
thanh binh|huyen thanh binh|thanh bình|huyện thanh bình
thanh chuong|huyen thanh chuong|thanh chương|huyện thanh chương
thanh ha|huyen thanh ha|thanh hà|huyện thanh hà
thanh hoa|huyen thanh hoa|thạnh hóa|huyện thạnh hóa
thanh hoa|thanh pho thanh hoa|tp thanh hoa|tp. thanh hoa|thanh hóa|thành phố thanh hóa|tp thanh hóa|tp. thanh hóa
thanh khe|quan thanh khe|thanh khê|quận thanh khê
thanh liem|huyen thanh liem|thanh liêm|huyện thanh liêm
thanh mien|huyen thanh mien|thanh miện|huyện thanh miện
thanh oai|huyen thanh oai|huyện thanh oai
thanh phu|huyen thanh phu|thạnh phú|huyện thạnh phú
thanh son|huyen thanh son|thanh sơn|huyện thanh sơn
thanh thuy|huyen thanh thuy|thanh thuỷ|huyện thanh thuỷ
thanh tri|huyen thanh tri|thanh trì|huyện thanh trì
thanh tri|huyen thanh tri|thạnh trị|huyện thạnh trị
thanh xuan|quan thanh xuan|thanh xuân|quận thanh xuân
thap muoi|huyen thap muoi|tháp mười|huyện tháp mười
thieu hoa|huyen thieu hoa|thiệu hóa|huyện thiệu hóa
tho xuan|huyen tho xuan|thọ xuân|huyện thọ xuân
thoai son|huyen thoai son|thoại sơn|huyện thoại sơn
thoi binh|huyen thoi binh|thới bình|huyện thới bình
thoi lai|huyen thoi lai|thới lai|huyện thới lai
thong nhat|huyen thong nhat|thống nhất|huyện thống nhất
thot not|quan thot not|thốt nốt|quận thốt nốt
thu dau mot|thanh pho thu dau mot|tp thu dau mot|tp. thu dau mot|thủ dầu một|thành phố thủ dầu một|tp thủ dầu một|tp. thủ dầu một
thu duc|quan thu duc|thủ đức|quận thủ đức
thu thua|huyen thu thua|thủ thừa|huyện thủ thừa
thuan an|thanh pho thuan an|tp thuan an|tp. thuan an|thuận an|thành phố thuận an|tp thuận an|tp. thuận an
thuan bac|huyen thuan bac|thuận bắc|huyện thuận bắc
thuan chau|huyen thuan chau|thuận châu|huyện thuận châu
thuan nam|huyen thuan nam|thuận nam|huyện thuận nam
thuan thanh|huyen thuan thanh|thuận thành|huyện thuận thành
thuong tin|huyen thuong tin|thường tín|huyện thường tín
thuong xuan|huyen thuong xuan|thường xuân|huyện thường xuân
thuy nguyen|huyen thuy nguyen|thuỷ nguyên|huyện thuỷ nguyên
tien du|huyen tien du|tiên du|huyện tiên du
tien hai|huyen tien hai|tiền hải|huyện tiền hải
tien lang|huyen tien lang|tiên lãng|huyện tiên lãng
tien lu|huyen tien lu|tiên lữ|huyện tiên lữ
tien phuoc|huyen tien phuoc|tiên phước|huyện tiên phước
tien yen|huyen tien yen|tiên yên|huyện tiên yên
tieu can|huyen tieu can|tiểu cần|huyện tiểu cần
tinh bien|huyen tinh bien|tịnh biên|huyện tịnh biên
tra bong|huyen tra bong|trà bồng|huyện trà bồng
tra cu|huyen tra cu|trà cú|huyện trà cú
tra on|huyen tra on|trà ôn|huyện trà ôn
tra vinh|thanh pho tra vinh|tp tra vinh|tp. tra vinh|trà vinh|thành phố trà vinh|tp trà vinh|tp. trà vinh
tram tau|huyen tram tau|trạm tấu|huyện trạm tấu
tran de|huyen tran de|trần đề|huyện trần đề
tran van thoi|huyen tran van thoi|trần văn thời|huyện trần văn thời
tran yen|huyen tran yen|trấn yên|huyện trấn yên
trang bang|thi xa trang bang|trảng bàng|thị xã trảng bàng
trang bom|huyen trang bom|trảng bom|huyện trảng bom
trang dinh|huyen trang dinh|tràng định|huyện tràng định
tri ton|huyen tri ton|tri tôn|huyện tri tôn
trieu phong|huyen trieu phong|triệu phong|huyện triệu phong
trieu son|huyen trieu son|triệu sơn|huyện triệu sơn
truc ninh|huyen truc ninh|trực ninh|huyện trực ninh
trung khanh|huyen trung khanh|trùng khánh|huyện trùng khánh
truong sa|huyen truong sa|trường sa|huyện trường sa
tu ky|huyen tu ky|tứ kỳ|huyện tứ kỳ
tu mo rong|huyen tu mo rong|tu mơ rông|huyện tu mơ rông
tu nghia|huyen tu nghia|tư nghĩa|huyện tư nghĩa
tu son|thi xa tu son|từ sơn|thị xã từ sơn
tua chua|huyen tua chua|tủa chùa|huyện tủa chùa
tuan giao|huyen tuan giao|tuần giáo|huyện tuần giáo
tuong duong|huyen tuong duong|tương dương|huyện tương dương
tuy an|huyen tuy an|huyện tuy an
tuy duc|huyen tuy duc|tuy đức|huyện tuy đức
tuy hoa|thanh pho tuy hoa|tp tuy hoa|tp. tuy hoa|tuy hoà|thành phố tuy hoà|tp tuy hoà|tp. tuy hoà
tuy phong|huyen tuy phong|huyện tuy phong
tuy phuoc|huyen tuy phuoc|tuy phước|huyện tuy phước
tuyen hoa|huyen tuyen hoa|tuyên hóa|huyện tuyên hóa
tuyen quang|thanh pho tuyen quang|tp tuyen quang|tp. tuyen quang|tuyên quang|thành phố tuyên quang|tp tuyên quang|tp. tuyên quang
u minh thuong|huyen u minh thuong|u minh thượng|huyện u minh thượng
u minh|huyen u minh|huyện u minh
ung hoa|huyen ung hoa|ứng hòa|huyện ứng hòa
uong bi|thanh pho uong bi|tp uong bi|tp. uong bi|uông bí|thành phố uông bí|tp uông bí|tp. uông bí
van ban|huyen van ban|văn bàn|huyện văn bàn
van canh|huyen van canh|vân canh|huyện vân canh
van chan|huyen van chan|văn chấn|huyện văn chấn
van don|huyen van don|vân đồn|huyện vân đồn
van giang|huyen van giang|văn giang|huyện văn giang
van ho|huyen van ho|vân hồ|huyện vân hồ
van lam|huyen van lam|văn lâm|huyện văn lâm
van lang|huyen van lang|văn lãng|huyện văn lãng
van ninh|huyen van ninh|vạn ninh|huyện vạn ninh
van quan|huyen van quan|văn quan|huyện văn quan
van yen|huyen van yen|văn yên|huyện văn yên
vi thanh|thanh pho vi thanh|tp vi thanh|tp. vi thanh|vị thanh|thành phố vị thanh|tp vị thanh|tp. vị thanh
vi thuy|huyen vi thuy|vị thuỷ|huyện vị thuỷ
vi xuyen|huyen vi xuyen|vị xuyên|huyện vị xuyên
viet tri|thanh pho viet tri|tp viet tri|tp. viet tri|việt trì|thành phố việt trì|tp việt trì|tp. việt trì
viet yen|huyen viet yen|việt yên|huyện việt yên
vinh bao|huyen vinh bao|vĩnh bảo|huyện vĩnh bảo
vinh chau|thi xa vinh chau|vĩnh châu|thị xã vĩnh châu
vinh cuu|huyen vinh cuu|vĩnh cửu|huyện vĩnh cửu
vinh hung|huyen vinh hung|vĩnh hưng|huyện vĩnh hưng
vinh linh|huyen vinh linh|vĩnh linh|huyện vĩnh linh
vinh loc|huyen vinh loc|vĩnh lộc|huyện vĩnh lộc
vinh loi|huyen vinh loi|vĩnh lợi|huyện vĩnh lợi
vinh long|thanh pho vinh long|tp vinh long|tp. vinh long|vĩnh long|thành phố vĩnh long|tp vĩnh long|tp. vĩnh long
vinh thanh|huyen vinh thanh|vĩnh thạnh|huyện vĩnh thạnh
vinh thuan|huyen vinh thuan|vĩnh thuận|huyện vĩnh thuận
vinh tuong|huyen vinh tuong|vĩnh tường|huyện vĩnh tường
vinh yen|thanh pho vinh yen|tp vinh yen|tp. vinh yen|vĩnh yên|thành phố vĩnh yên|tp vĩnh yên|tp. vĩnh yên
vinh|thanh pho vinh|tp vinh|tp. vinh|thành phố vinh
vo nhai|huyen vo nhai|võ nhai|huyện võ nhai
vu ban|huyen vu ban|vụ bản|huyện vụ bản
vu quang|huyen vu quang|vũ quang|huyện vũ quang
vu thu|huyen vu thu|vũ thư|huyện vũ thư
vung liem|huyen vung liem|vũng liêm|huyện vũng liêm
vung tau|thanh pho vung tau|tp vung tau|tp. vung tau|vũng tàu|thành phố vũng tàu|tp vũng tàu|tp. vũng tàu
xin man|huyen xin man|xín mần|huyện xín mần
xuan loc|huyen xuan loc|xuân lộc|huyện xuân lộc
xuan truong|huyen xuan truong|xuân trường|huyện xuân trường
xuyen moc|huyen xuyen moc|xuyên mộc|huyện xuyên mộc
y yen|huyen y yen|ý yên|huyện ý yên
yen bai|thanh pho yen bai|tp yen bai|tp. yen bai|yên bái|thành phố yên bái|tp yên bái|tp. yên bái
yen binh|huyen yen binh|yên bình|huyện yên bình
yen chau|huyen yen chau|yên châu|huyện yên châu
yen dinh|huyen yen dinh|yên định|huyện yên định
yen dung|huyen yen dung|yên dũng|huyện yên dũng
yen khanh|huyen yen khanh|yên khánh|huyện yên khánh
yen lac|huyen yen lac|yên lạc|huyện yên lạc
yen lap|huyen yen lap|yên lập|huyện yên lập
yen minh|huyen yen minh|yên minh|huyện yên minh
yen mo|huyen yen mo|yên mô|huyện yên mô
yen my|huyen yen my|yên mỹ|huyện yên mỹ
yen phong|huyen yen phong|yên phong|huyện yên phong
yen son|huyen yen son|yên sơn|huyện yên sơn
yen thanh|huyen yen thanh|yên thành|huyện yên thành
yen the|huyen yen the|yên thế|huyện yên thế
yen thuy|huyen yen thuy|yên thủy|huyện yên thủy
